tool		CPAchecker statistics-refactor:43973	CPAchecker statistics-refactor:43973	CPAchecker statistics-refactor:43973	CPAchecker statistics-refactor:43973	CPAchecker statistics-refactor:43973	CPAchecker statistics-refactor:43973	CPAchecker statistics-refactor:43973	CPAchecker statistics-refactor:43975	CPAchecker statistics-refactor:43975	CPAchecker statistics-refactor:43975	CPAchecker statistics-refactor:43975	CPAchecker statistics-refactor:43975	CPAchecker statistics-refactor:43975	CPAchecker statistics-refactor:43975
run set		t_700s_taskwise_1_safetyzone_integration-nightly-value	t_700s_taskwise_1_safetyzone_integration-nightly-value	t_700s_taskwise_1_safetyzone_integration-nightly-value	t_700s_taskwise_1_safetyzone_integration-nightly-value	t_700s_taskwise_1_safetyzone_integration-nightly-value	t_700s_taskwise_1_safetyzone_integration-nightly-value	t_700s_taskwise_1_safetyzone_integration-nightly-value	t_900s_taskwise_2_safetyzone_integration-nightly-value	t_900s_taskwise_2_safetyzone_integration-nightly-value	t_900s_taskwise_2_safetyzone_integration-nightly-value	t_900s_taskwise_2_safetyzone_integration-nightly-value	t_900s_taskwise_2_safetyzone_integration-nightly-value	t_900s_taskwise_2_safetyzone_integration-nightly-value	t_900s_taskwise_2_safetyzone_integration-nightly-value
/Users/ludwig/home/Studium/Bachelor Informatik/9. Semester/cpachecker/Notizen/Experimente/5_taskwise/programs/benchmarks/		status	CPU Time (s)	Wall Time (s)	Memory (MB)	Size of reached set	Number of iterations	Number of abstraction computations	status	CPU Time (s)	Wall Time (s)	Memory (MB)	Size of reached set	Number of iterations	Number of abstraction computations
eca-rers2012/Problem03_label06.yml	true	OUT OF MEMORY (true)	616.527465118	432.0941318090008	14999.998464				ERROR (1)	0.588368964	0.3493337160034571	33.165312			
eca-rers2012/Problem03_label08.yml	true	OUT OF MEMORY (true)	441.723634358	342.7237785549987	14999.998464				ERROR (1)	0.572503209	0.34379330099909566	29.384704			
eca-rers2012/Problem03_label10.yml	true	OUT OF MEMORY (true)	371.118442962	288.8126818060009	14999.998464				ERROR (1)	0.549777003	0.3199748949991772	31.621120			
eca-rers2012/Problem03_label38.yml	true	OUT OF MEMORY (true)	648.804342263	451.57883927700095	14999.998464				ERROR (1)	0.620359943	0.3661830530036241	32.190464			
eca-rers2012/Problem03_label40.yml	true	OUT OF MEMORY (true)	377.945996235	292.37372320400027	14999.998464				ERROR (1)	0.590318884	0.3545482780027669	34.291712			
eca-rers2012/Problem03_label42.yml	true	OUT OF MEMORY (true)	381.904169331	296.9902170890018	14999.998464				ERROR (1)	0.573615676	0.3529026709875325	33.177600			
eca-rers2012/Problem12_label20.yml	false	TIMEOUT (false(unreach-call))	722.343449544	582.5316863100052	14324.588544				false(unreach-call)	653.940572226	523.1469360589981	14337.470464			
eca-rers2012/Problem12_label50.yml	false	TIMEOUT (false(unreach-call))	802.690910843	596.8395538299956	13668.020224				ERROR (1)	0.546438842	0.32615242699102964	29.487104			
eca-rers2012/Problem12_label51.yml	false	TIMEOUT (false(unreach-call))	801.898349737	630.5761137559966	13715.255296				ERROR (1)	0.62679048	0.38026469699980225	29.732864			
eca-rers2012/Problem13_label16.yml	false	TIMEOUT	801.059609458	622.5811011740007	12692.013056				ERROR (1)	0.656649441	0.3791412010032218	29.425664			
eca-rers2012/Problem16_label01.yml	false	TIMEOUT	801.403315823	672.8196495610027	11684.167680				ERROR (1)	0.559882852	0.3442968169983942	32.354304			
eca-rers2012/Problem16_label04.yml	false	TIMEOUT (false(unreach-call))	802.59744715	663.1876989979974	13601.288192				ERROR (1)	0.593298706	0.3671470810077153	32.014336			
eca-rers2012/Problem16_label15.yml	false	TIMEOUT (false(unreach-call))	802.582643144	645.3561925829999	13559.504896				ERROR (1)	0.55865034	0.32641802600119263	31.797248			
eca-rers2012/Problem16_label33.yml	false	TIMEOUT	801.502720779	683.070623161002	11667.976192				ERROR (1)	0.576520121	0.34953407901048195	32.219136			
eca-rers2012/Problem16_label37.yml	false	TIMEOUT	801.115449243	679.0223346189996	11432.501248				ERROR (1)	0.612854307	0.36457109000184573	32.555008			
eca-rers2012/Problem16_label41.yml	false	TIMEOUT (false(unreach-call))	802.609310231	640.896294336002	13475.966976				ERROR (1)	0.52223016	0.30740711800171994	29.409280			
eca-rers2012/Problem16_label52.yml	false	TIMEOUT (false(unreach-call))	726.495649713	571.170269678998	14958.039040				false(unreach-call)	742.277461219	584.9212035490054	14952.148992			
eca-rers2012/Problem16_label54.yml	false	TIMEOUT (false(unreach-call))	802.420396522	654.0253112989994	13611.827200				ERROR (1)	0.560555987	0.3383374020049814	32.391168			
eca-rers2012/Problem18_label25.yml	false	TIMEOUT (false(unreach-call))	700.042468392	542.9660804470041	14621.769728				false(unreach-call)	681.020663652	529.9791305399995	14621.175808			
eca-rers2012/Problem18_label33.yml	false	TIMEOUT (false(unreach-call))	802.610535921	608.0800137709994	13571.624960				ERROR (1)	0.636802312	0.37759732799895573	32.763904			
eca-rers2012/Problem19_label29.yml	false	TIMEOUT	801.616126857	619.4831340849996	11885.281280				ERROR (1)	0.603267455	0.36466055100027006	32.931840			
loop-acceleration/array_1-2.yml	true	TIMEOUT (true)	801.694536187	787.6947175450005	918.540288				ERROR (1)	0.57104218	0.35594781501276884	31.723520			
loop-acceleration/const_1-1.yml	true	TIMEOUT (true)	765.926505741	754.1249913360007	1541.832704				true	768.574182112	756.157286968999	2330.730496			
product-lines/elevator_spec13_product21.cil.yml	true	OUT OF MEMORY	678.997383034	606.8313389530013	14999.998464				ERROR (1)	0.559037839	0.34668216499267146	29.921280			
product-lines/elevator_spec13_product29.cil.yml	true	OUT OF MEMORY	531.83116532	481.9061620950015	14999.998464				ERROR (1)	0.616462835	0.3840238980046706	31.969280			
product-lines/elevator_spec3_product03.cil.yml	false	TIMEOUT	705.051650294	621.5672170770013	14958.247936				OUT OF MEMORY	546.839676587	480.1555024940026	14999.998464			
product-lines/elevator_spec3_product19.cil.yml	false	OUT OF MEMORY	695.040210014	614.0002293020007	14999.998464				ERROR (1)	0.535377671	0.3306666319986107	29.200384			
product-lines/email_spec0_product16.cil.yml	false	TIMEOUT (false(unreach-call))	728.832589442	641.3344153910002	14999.998464				ERROR (1)	0.637800884	0.373871561998385	33.669120			
product-lines/email_spec11_product20.cil.yml	false	OUT OF MEMORY (false(unreach-call))	583.06844168	500.02235078300146	14999.998464				ERROR (1)	0.525485664	0.312774067002465	29.720576			
product-lines/email_spec11_product22.cil.yml	false	OUT OF MEMORY (false(unreach-call))	699.757760696	617.6341628299997	14999.998464				ERROR (1)	0.5276805	0.31879562299582176	29.048832			
product-lines/email_spec11_product30.cil.yml	false	OUT OF MEMORY (false(unreach-call))	382.162698748	325.1346642419994	14999.998464				ERROR (1)	0.540662667	0.3325838559976546	29.597696			
product-lines/email_spec11_product33.cil.yml	false	TIMEOUT (false(unreach-call))	731.255086916	636.857825269999	14999.998464				ERROR (1)	0.639596387	0.37883868400240317	32.649216			
product-lines/email_spec27_product13.cil.yml	true	OUT OF MEMORY	661.136723611	573.8985015149992	14999.998464				ERROR (1)	0.519611143	0.31285684600879904	28.913664			
product-lines/email_spec3_productSimulator.cil.yml	false	OUT OF MEMORY (false(unreach-call))	417.879401673	355.55889633300103	14999.998464				ERROR (1)	0.623694453	0.3778227889997652	34.050048			
product-lines/email_spec6_product12.cil.yml	false	OUT OF MEMORY (false(unreach-call))	375.715716158	322.84343109300244	14999.998464				ERROR (1)	0.590597227	0.34438797099574003	32.206848			
product-lines/email_spec6_product14.cil.yml	false	OUT OF MEMORY (false(unreach-call))	571.69233039	491.5182452350018	14999.998464				ERROR (1)	0.530407826	0.31510544499906246	29.323264			
product-lines/email_spec6_product15.cil.yml	false	OUT OF MEMORY (false(unreach-call))	630.318748219	547.0175730240007	14999.998464				ERROR (1)	0.521220951	0.31651919000432827	28.651520			
product-lines/email_spec6_product16.cil.yml	false	OUT OF MEMORY (false(unreach-call))	672.252865379	590.7718718840006	14999.998464				ERROR (1)	0.563126073	0.33528500801185146	29.319168			
product-lines/email_spec6_product20.cil.yml	false	TIMEOUT	801.448983048	700.1782988859995	14562.865152				ERROR (1)	0.60961688	0.3634575030009728	32.620544			
product-lines/email_spec6_product21.cil.yml	false	OUT OF MEMORY	591.996341674	508.30495776799944	14999.998464				ERROR (1)	0.581179191	0.35280630399938673	34.119680			
product-lines/email_spec6_product22.cil.yml	false	OUT OF MEMORY (false(unreach-call))	635.219603351	551.2193602299994	14999.998464				ERROR (1)	0.552322331	0.3264144610002404	29.442048			
product-lines/email_spec6_product26.cil.yml	false	OUT OF MEMORY	627.252255486	551.6381364289991	14999.998464				ERROR (1)	0.518154473	0.3097565450007096	30.023680			
product-lines/email_spec6_product30.cil.yml	false	OUT OF MEMORY (false(unreach-call))	451.052715841	387.85058171200217	14999.998464				ERROR (1)	0.552345226	0.3189835240045795	30.015488			
product-lines/email_spec6_product33.cil.yml	false	OUT OF MEMORY (false(unreach-call))	443.234892566	381.60263781699905	14999.998464				ERROR (1)	0.623362403	0.3611772930016741	33.808384			
product-lines/email_spec7_product28.cil.yml	false	OUT OF MEMORY (false(unreach-call))	420.729490336	357.4093858069973	14999.998464				ERROR (1)	0.60114514	0.35691127699101344	33.280000			
product-lines/email_spec7_product30.cil.yml	false	OUT OF MEMORY (false(unreach-call))	478.942762303	423.10279887100114	14999.998464				ERROR (1)	0.58686401	0.353756255004555	33.169408			
product-lines/email_spec7_product33.cil.yml	false	OUT OF MEMORY (false(unreach-call))	485.611270126	428.58374669600016	14999.998464				ERROR (1)	0.572685813	0.33838859500247054	32.858112			
systemc/token_ring.05.cil-2.yml	false	TIMEOUT (false(unreach-call))	716.624310335	595.5794029929966	13792.440320				false(unreach-call)	740.811349158	623.8391342499963	13692.571648			
systemc/transmitter.05.cil.yml	false	TIMEOUT (false(unreach-call))	705.191989325	598.9616045629955	14999.998464				ERROR (1)	0.726245565	0.4176649490109412	34.586624			
xcsp/Haystacks-17.yml	true	TIMEOUT	713.412799756	673.7982753189972	7499.997184				ERROR (1)	0.604608519	0.36285316600697115	32.444416			
combinations/Problem05_label42+token_ring.04.cil-1.yml	true	OUT OF MEMORY	537.218100981	427.8640126840037	14999.998464				ERROR (1)	0.536022449	0.3155586529901484	29.413376			
combinations/Problem05_label42+token_ring.05.cil-1.yml	true	TIMEOUT	801.49619009	661.3918445529998	14726.471680				ERROR (1)	0.519157928	0.3102899430086836	29.200384			
combinations/Problem05_label42+token_ring.05.cil-2.yml	false	TIMEOUT (false(unreach-call))	724.194699826	586.4803245000003	14624.116736				false(unreach-call)	693.698216952	575.5136535709898	13835.726848			
combinations/Problem05_label43+token_ring.04.cil-1.yml	true	unknown	546.489379058	436.168932949	14981.058560				OUT OF MEMORY	517.309214262	412.5026314340066	14999.998464			
combinations/Problem05_label43+token_ring.05.cil-2.yml	false	TIMEOUT (false(unreach-call))	707.932642271	586.2790162829988	13772.296192				false(unreach-call)	763.478832819	629.7119473820057	14123.806720			
combinations/Problem05_label45+token_ring.04.cil-1.yml	true	OUT OF MEMORY	534.358637116	419.3339724890029	14999.998464				ERROR (1)	0.543123306	0.32056540199846495	30.027776			
combinations/Problem05_label45+token_ring.05.cil-1.yml	true	TIMEOUT	781.423898073	628.125200126	14308.859904				unknown	785.94454905	630.4225175879983	14646.579200			
combinations/Problem05_label45+token_ring.05.cil-2.yml	false	TIMEOUT (false(unreach-call))	713.504436926	589.2951355469995	13762.801664				false(unreach-call)	776.065394428	653.4118520370102	13430.640640			
combinations/Problem05_label46+token_ring.04.cil-1.yml	true	OUT OF MEMORY	617.819393841	483.0693990630025	14999.998464				ERROR (1)	0.519760473	0.2995401910011424	29.126656			
combinations/Problem05_label46+token_ring.05.cil-1.yml	true	TIMEOUT	714.235754148	586.5185828329959	13778.071552				unknown	682.386088756	557.5441972840053	13564.465152			
combinations/Problem05_label46+token_ring.05.cil-2.yml	false	TIMEOUT (false(unreach-call))	711.393251804	589.7096408430007	13803.827200				false(unreach-call)	720.15609772	594.7529174270021	13717.471232			
combinations/Problem05_label49+token_ring.04.cil-1.yml	true	OUT OF MEMORY	507.186543733	402.90399214699573	14999.998464				ERROR (1)	0.578447427	0.34213973200530745	33.546240			
combinations/Problem05_label49+token_ring.05.cil-1.yml	true	TIMEOUT	752.388816001	615.7638612340015	13820.764160				unknown	762.576967007	611.4387539570016	14491.901952			
combinations/Problem05_label49+token_ring.05.cil-2.yml	false	TIMEOUT	728.880378151	600.7018420389977	13804.265472				unknown	677.102094471	555.4585033320036	13734.617088			
combinations/pc_sfifo_1.cil-2+token_ring.05.cil-2.yml	false	TIMEOUT	711.945352694	587.9113120490001	14880.329728				ERROR (1)	0.528498532	0.3223748120071832	29.306880			
combinations/pc_sfifo_3.cil+token_ring.05.cil-1.yml	true	TIMEOUT	703.614523207	584.8096120499977	13907.034112				unknown	663.842077209	552.2115852230054	14077.001728			
combinations/pc_sfifo_3.cil+token_ring.05.cil-2.yml	false	TIMEOUT	801.449898965	669.8773750229993	14761.578496				ERROR (1)	0.564105759	0.3321383309958037	31.903744			
ldv-consumption/32_7a_cilled_linux-3.8-rc1-drivers--media--pci--cx18--cx18.ko-main.cil.out.yml	true	OUT OF MEMORY (true)	362.92081256	277.86902253600056	14999.998464				ERROR (1)	0.59599219	0.3682293000019854	33.730560			
ldv-consumption/32_7a_cilled_linux-3.8-rc1-drivers--media--usb--em28xx--em28xx.ko-main.cil.out.yml	true	OUT OF MEMORY (true)	607.17609126	439.1626281879944	14999.998464				ERROR (1)	0.624355187	0.3752437329967506	33.185792			
ldv-consumption/32_7a_cilled_linux-3.8-rc1-drivers--net--ethernet--qlogic--qlge--qlge.ko-main.cil.out.yml	true	OUT OF MEMORY (true)	505.904389293	347.3624213820003	14999.998464				ERROR (1)	0.524297677	0.3010759549943032	32.743424			
ldv-linux-3.16-rc1/43_2a_consumption_linux-3.16-rc1.tar.xz-43_2a-drivers--media--pci--cx18--cx18.ko-entry_point.cil.out.yml	true	OUT OF MEMORY (true)	573.601514142	400.4396573359991	14999.998464				ERROR (1)	0.538140437	0.32672267900488805	29.528064			
ldv-linux-3.16-rc1/43_2a_consumption_linux-3.16-rc1.tar.xz-43_2a-drivers--net--ethernet--sis--sis900.ko-entry_point.cil.out.yml	true	TIMEOUT (true)	802.620147901	579.6236903360004	12742.012928				ERROR (1)	0.596816516	0.36117167699558195	35.377152			
ldv-linux-3.16-rc1/43_2a_consumption_linux-3.16-rc1.tar.xz-43_2a-drivers--net--fddi--defxx.ko-entry_point.cil.out.yml	true	OUT OF MEMORY (true)	507.358222701	404.82203210700027	14999.998464				ERROR (1)	0.604979932	0.348027051993995	32.542720			
ldv-linux-3.16-rc1/43_2a_consumption_linux-3.16-rc1.tar.xz-43_2a-drivers--net--wireless--ipw2x00--ipw2100.ko-entry_point.cil.out.yml	true	TIMEOUT (true)	800.913443531	678.5756147569991	12199.985152				ERROR (1)	0.639941008	0.3651193640107522	29.396992			
ldv-validator-v0.8/linux-stable-a9e7fb5-1-32_7a-drivers--media--rc--imon.ko-entry_point_ldv-val-v0.8.cil.out.yml	false	TIMEOUT	734.2999266	459.64654296499793	14017.605632				unknown	727.316624874	455.21803426300175	13996.351488			
ldv-linux-4.2-rc1/linux-4.2-rc1.tar.xz-08_1a-drivers--infiniband--core--ib_cm.ko-entry_point.cil.out.yml	true	TIMEOUT (true)	718.894520481	451.7777728800065	14999.998464				ERROR (1)	0.588490129	0.357402474997798	32.309248			
ldv-linux-4.2-rc1/linux-4.2-rc1.tar.xz-08_1a-drivers--net--ethernet--emulex--benet--be2net.ko-entry_point.cil.out.yml	true	TIMEOUT (true)	802.626555313	510.7487128440007	14395.031552				ERROR (1)	0.51790085	0.2991459189943271	29.118464			
ldv-linux-4.2-rc1/linux-4.2-rc1.tar.xz-08_1a-drivers--staging--rts5208--rts5208.ko-entry_point.cil.out.yml	true	TIMEOUT (ERROR (recursion))	801.141094455	684.7862714580006	12286.119936				ERROR (1)	0.600540827	0.36519911099458113	32.735232			
ldv-linux-4.2-rc1/linux-4.2-rc1.tar.xz-08_1a-drivers--usb--host--xhci-hcd.ko-entry_point.cil.out.yml	true	TIMEOUT (true)	800.766264392	599.083428897	14671.552512				ERROR (1)	0.576751273	0.34609457800979726	33.861632			
ldv-linux-4.2-rc1/linux-4.2-rc1.tar.xz-32_7a-drivers--block--rsxx--rsxx.ko-entry_point.cil.out.yml	true	OUT OF MEMORY (true)	367.527415839	275.0990436989996	14999.998464				ERROR (1)	0.567649906	0.3438481019984465	31.809536			
ldv-linux-4.2-rc1/linux-4.2-rc1.tar.xz-32_7a-drivers--hwmon--w83627hf.ko-entry_point.cil.out.yml	true	TIMEOUT (true)	787.985879888	716.6863750529992	14999.998464				ERROR (1)	0.578929389	0.340784051004448	33.288192			
ldv-linux-4.2-rc1/linux-4.2-rc1.tar.xz-32_7a-drivers--infiniband--core--ib_cm.ko-entry_point.cil.out.yml	true	TIMEOUT (true)	711.463396212	464.95547785500094	14999.998464				ERROR (1)	0.585610129	0.3591669240122428	32.321536			
ldv-linux-4.2-rc1/linux-4.2-rc1.tar.xz-32_7a-drivers--md--raid456.ko-entry_point.cil.out.yml	false	OUT OF MEMORY	537.435964536	402.5388336219985	14999.998464				ERROR (1)	0.54607373	0.31882300099823624	29.519872			
ldv-linux-4.2-rc1/linux-4.2-rc1.tar.xz-32_7a-drivers--media--pci--cx18--cx18.ko-entry_point.cil.out.yml	true	OUT OF MEMORY (true)	450.700090373	331.0689026360051	14999.998464				ERROR (1)	0.546785556	0.31757464600377716	30.519296			
ldv-linux-4.2-rc1/linux-4.2-rc1.tar.xz-32_7a-drivers--media--usb--dvb-usb-v2--dvb-usb-mxl111sf.ko-entry_point.cil.out.yml	true	true	513.150648424	419.14231118000316	14881.312768				OUT OF MEMORY (true)	536.999558042	425.0456527429924	14999.998464			
ldv-linux-4.2-rc1/linux-4.2-rc1.tar.xz-32_7a-drivers--message--fusion--mptctl.ko-entry_point.cil.out.yml	true	TIMEOUT	700.536520382	452.18991542000003	13970.931712				unknown	659.415628819	413.5040989459958	13994.762240			
ldv-linux-4.2-rc1/linux-4.2-rc1.tar.xz-32_7a-drivers--net--wireless--airo.ko-entry_point.cil.out.yml	true	OUT OF MEMORY (true)	602.598580842	409.1090157889994	14999.998464				ERROR (1)	0.584247928	0.35927447699941695	35.520512			
ldv-linux-4.2-rc1/linux-4.2-rc1.tar.xz-32_7a-drivers--power--bq2415x_charger.ko-entry_point.cil.out.yml	true	OUT OF MEMORY (true)	466.146867046	317.9752285659997	14999.998464				ERROR (1)	0.50674341	0.29373010400740895	29.376512			
ldv-linux-4.2-rc1/linux-4.2-rc1.tar.xz-32_7a-drivers--staging--rts5208--rts5208.ko-entry_point.cil.out.yml	true	TIMEOUT (ERROR (recursion))	800.718440675	703.4915706550019	13104.631808				ERROR (1)	0.582205053	0.34474138100631535	32.419840			
ldv-linux-4.2-rc1/linux-4.2-rc1.tar.xz-32_7a-drivers--usb--host--xhci-hcd.ko-entry_point.cil.out.yml	true	TIMEOUT (true)	802.616659903	576.1645455500002	13369.774080				ERROR (1)	0.599388758	0.3508178600022802	32.301056			
ldv-linux-4.2-rc1/linux-4.2-rc1.tar.xz-43_2a-drivers--atm--idt77252.ko-entry_point.cil.out.yml	true	TIMEOUT (true)	802.584548056	530.5689559630009	14650.142720				ERROR (1)	0.574696075	0.3448314270062838	29.646848			
ldv-linux-4.2-rc1/linux-4.2-rc1.tar.xz-43_2a-drivers--atm--solos-pci.ko-entry_point.cil.out.yml	true	OUT OF MEMORY (true)	513.246090418	443.64116987799935	14999.998464				ERROR (1)	0.573192675	0.3500309849914629	32.219136			
ldv-linux-4.2-rc1/linux-4.2-rc1.tar.xz-43_2a-drivers--block--cciss.ko-entry_point.cil.out.yml	true	OUT OF MEMORY (true)	546.009951907	379.2808202910019	14999.998464				ERROR (1)	0.594258724	0.362931349009159	32.387072			
ldv-linux-4.2-rc1/linux-4.2-rc1.tar.xz-43_2a-drivers--block--mtip32xx--mtip32xx.ko-entry_point.cil.out.yml	true	OUT OF MEMORY (true)	614.415474275	422.3504212620028	14999.998464				ERROR (1)	0.540073126	0.32665611400443595	31.834112			
ldv-linux-4.2-rc1/linux-4.2-rc1.tar.xz-43_2a-drivers--bluetooth--hci_uart.ko-entry_point.cil.out.yml	true	TIMEOUT (true)	763.255659268	505.1691859079983	14999.998464				ERROR (1)	0.587382399	0.3693729179940419	33.136640			
ldv-linux-4.2-rc1/linux-4.2-rc1.tar.xz-43_2a-drivers--isdn--gigaset--bas_gigaset.ko-entry_point.cil.out.yml	true	TIMEOUT (true)	800.985554477	578.1947163939985	13568.561152				ERROR (1)	0.591491465	0.348571151989745	32.579584			
ldv-linux-4.2-rc1/linux-4.2-rc1.tar.xz-43_2a-drivers--md--raid456.ko-entry_point.cil.out.yml	true	OUT OF MEMORY (true)	686.917870589	489.82493018499736	14999.998464				ERROR (1)	0.576591694	0.3458473960054107	32.133120			
ldv-linux-4.2-rc1/linux-4.2-rc1.tar.xz-43_2a-drivers--media--pci--bt8xx--bttv.ko-entry_point.cil.out.yml	true	OUT OF MEMORY (true)	654.878575507	470.62092456499886	14999.998464				ERROR (1)	0.558015647	0.3303759050031658	31.895552			
ldv-linux-4.2-rc1/linux-4.2-rc1.tar.xz-43_2a-drivers--media--pci--cx18--cx18.ko-entry_point.cil.out.yml	true	TIMEOUT (true)	802.608946421	559.6835543529996	14640.857088				ERROR (1)	0.583776709	0.3486049950006418	32.092160			
ldv-linux-4.2-rc1/linux-4.2-rc1.tar.xz-43_2a-drivers--net--ethernet--3com--3c589_cs.ko-entry_point.cil.out.yml	true	OUT OF MEMORY (true)	610.688622116	449.74249911899824	14999.998464				ERROR (1)	0.58004991	0.3426566840062151	33.869824			
ldv-linux-4.2-rc1/linux-4.2-rc1.tar.xz-43_2a-drivers--net--ethernet--atheros--atl1e--atl1e.ko-entry_point.cil.out.yml	true	OUT OF MEMORY (true)	667.01941498	482.63045398300164	14999.998464				ERROR (1)	0.566568967	0.34341043600579724	32.153600			
ldv-linux-4.2-rc1/linux-4.2-rc1.tar.xz-43_2a-drivers--net--ethernet--broadcom--bnx2.ko-entry_point.cil.out.yml	true	TIMEOUT (true)	802.560971484	561.3374967740019	11984.015360				ERROR (1)	0.596280032	0.3522593270026846	29.188096			
ldv-linux-4.2-rc1/linux-4.2-rc1.tar.xz-43_2a-drivers--net--ethernet--hp--hp100.ko-entry_point.cil.out.yml	true	OUT OF MEMORY (true)	496.384942582	362.8654783439997	14999.998464				ERROR (1)	0.583360598	0.35031769999477547	32.256000			
ldv-linux-4.2-rc1/linux-4.2-rc1.tar.xz-43_2a-drivers--net--ethernet--icplus--ipg.ko-entry_point.cil.out.yml	true	OUT OF MEMORY (true)	367.724178395	266.55400908100273	14999.998464				ERROR (1)	0.62081518	0.3859157390106702	33.370112			
ldv-linux-4.2-rc1/linux-4.2-rc1.tar.xz-43_2a-drivers--net--ethernet--intel--e1000--e1000.ko-entry_point.cil.out.yml	true	TIMEOUT (ERROR (recursion))	802.603047669	634.5947335509991	12674.203648				ERROR (1)	0.563096949	0.3513118019909598	32.518144			
ldv-linux-4.2-rc1/linux-4.2-rc1.tar.xz-43_2a-drivers--net--ethernet--marvell--skge.ko-entry_point.cil.out.yml	true	OUT OF MEMORY (true)	567.577913949	380.41168293000374	14999.998464				ERROR (1)	0.512461853	0.29678625900123734	29.380608			
ldv-linux-4.2-rc1/linux-4.2-rc1.tar.xz-43_2a-drivers--net--ethernet--natsemi--natsemi.ko-entry_point.cil.out.yml	true	TIMEOUT (true)	752.61802933	531.2099691819967	14999.998464				ERROR (1)	0.542382443	0.3201478160044644	29.175808			
ldv-linux-4.2-rc1/linux-4.2-rc1.tar.xz-43_2a-drivers--net--ethernet--packetengines--hamachi.ko-entry_point.cil.out.yml	true	OUT OF MEMORY (true)	518.504230383	359.48595222600125	14999.998464				ERROR (1)	0.538000106	0.3157642250007484	31.858688			
ldv-linux-4.2-rc1/linux-4.2-rc1.tar.xz-43_2a-drivers--net--ethernet--realtek--atp.ko-entry_point.cil.out.yml	true	OUT OF MEMORY (true)	550.224231936	425.38904029699916	14999.998464				ERROR (1)	0.560496595	0.3234570060012629	29.954048			
ldv-linux-4.2-rc1/linux-4.2-rc1.tar.xz-43_2a-drivers--net--ethernet--sun--niu.ko-entry_point.cil.out.yml	true	TIMEOUT (true)	802.59882687	578.9363840839978	12835.254272				ERROR (1)	0.576165381	0.3528141860006144	32.272384			
ldv-linux-4.2-rc1/linux-4.2-rc1.tar.xz-43_2a-drivers--net--fddi--defxx.ko-entry_point.cil.out.yml	true	OUT OF MEMORY (true)	529.852614707	413.574027450999	14999.998464				ERROR (1)	0.552439089	0.3254129900014959	32.628736			
ldv-linux-4.2-rc1/linux-4.2-rc1.tar.xz-43_2a-drivers--net--irda--ali-ircc.ko-entry_point.cil.out.yml	true	TIMEOUT (true)	702.143746772	496.26940846800426	14999.998464				ERROR (1)	0.546196424	0.33010787499370053	29.888512			
ldv-linux-4.2-rc1/linux-4.2-rc1.tar.xz-43_2a-drivers--net--irda--vlsi_ir.ko-entry_point.cil.out.yml	true	OUT OF MEMORY (true)	582.863776011	386.1956457960041	14999.998464				ERROR (1)	0.702277265	0.4113105309952516	35.618816			
ldv-linux-4.2-rc1/linux-4.2-rc1.tar.xz-43_2a-drivers--scsi--be2iscsi--be2iscsi.ko-entry_point.cil.out.yml	true	OUT OF MEMORY (true)	562.280784339	400.3705224160003	14999.998464				ERROR (1)	0.60491336	0.3575900420109974	36.376576			
ldv-linux-4.2-rc1/linux-4.2-rc1.tar.xz-43_2a-drivers--scsi--scsi_debug.ko-entry_point.cil.out.yml	true	OUT OF MEMORY (true)	505.754656298	380.28776138000103	14999.998464				ERROR (1)	0.569039329	0.3423680990090361	32.243712			
ldv-linux-4.2-rc1/linux-4.2-rc1.tar.xz-43_2a-drivers--staging--slicoss--slicoss.ko-entry_point.cil.out.yml	true	OUT OF MEMORY (true)	386.165888207	287.30405342299855	14999.998464				ERROR (1)	0.604087759	0.3540226939949207	29.675520			
ldv-linux-4.2-rc1/linux-4.2-rc1.tar.xz-43_2a-drivers--tty--synclinkmp.ko-entry_point.cil.out.yml	true	TIMEOUT (true)	724.59345092	477.13171326200245	14999.998464				ERROR (1)	0.581257335	0.4057746719918214	32.260096			
ldv-linux-4.2-rc1/linux-4.2-rc1.tar.xz-43_2a-drivers--usb--gadget--udc--gr_udc.ko-entry_point.cil.out.yml	true	OUT OF MEMORY (true)	386.798446211	290.58495974700054	14999.998464				ERROR (1)	0.564595368	0.33237970000482164	32.284672			
ldv-linux-4.2-rc1/linux-4.2-rc1.tar.xz-43_2a-drivers--usb--serial--mos7840.ko-entry_point.cil.out.yml	true	OUT OF MEMORY (true)	616.274688425	444.01135179599805	14999.998464				ERROR (1)	0.592792534	0.350241667998489	32.636928			
ldv-linux-4.2-rc1/linux-4.2-rc1.tar.xz-43_2a-drivers--usb--storage--uas.ko-entry_point.cil.out.yml	true	OUT OF MEMORY (true)	354.022160143	252.27299282899912	14999.998464				ERROR (1)	0.570172426	0.33972589000768494	32.194560			
ldv-linux-3.14/linux-3.14_complex_emg_linux-alloc-spinlock_drivers-media-pci-cx88-cx8800.cil.yml	true	OUT OF MEMORY (true)	340.481322884	271.8891428030038	14999.998464				ERROR (1)	0.582736955	0.3549348170054145	32.477184			
ldv-linux-3.14/linux-3.14_complex_emg_linux-alloc-spinlock_drivers-net-ethernet-atheros-atl1e-atl1e.cil.yml	true	OUT OF MEMORY (true)	296.693603244	233.00889278999966	14999.998464				ERROR (1)	0.608011883	0.38337041198974475	32.784384			
ldv-linux-3.14/linux-3.14_complex_emg_linux-alloc-spinlock_drivers-net-ethernet-fealnx.cil.yml	true	OUT OF MEMORY (true)	352.892149792	260.40056050099884	14999.998464				ERROR (1)	0.58726037	0.3442460829974152	33.558528			
ldv-linux-3.14/linux-3.14_complex_emg_linux-alloc-spinlock_drivers-net-ethernet-hp-hp100.cil.yml	true	OUT OF MEMORY (true)	308.66033448	242.7944237210031	14999.998464				ERROR (1)	0.622343095	0.3800626169977477	31.625216			
ldv-linux-3.14/linux-3.14_complex_emg_linux-alloc-spinlock_drivers-net-ethernet-jme.cil.yml	true	OUT OF MEMORY	438.415444567	330.7427466350018	14999.998464				ERROR (1)	0.605763398	0.3690411059942562	31.629312			
ldv-linux-3.14/linux-3.14_complex_emg_linux-alloc-spinlock_drivers-net-ethernet-mellanox-mlx5-core-mlx5_core.cil.yml	true	TIMEOUT (true)	748.399506478	566.3082962710032	14999.998464				ERROR (1)	0.578102569	0.3350552960037021	33.484800			
ldv-linux-3.14/linux-3.14_complex_emg_linux-alloc-spinlock_drivers-net-ethernet-micrel-ksz884x.cil.yml	true	OUT OF MEMORY	233.717456357	182.39511237899933	14999.998464				ERROR (1)	0.521090053	0.3052424789930228	29.310976			
ldv-linux-3.14/linux-3.14_complex_emg_linux-alloc-spinlock_drivers-net-ethernet-tehuti-tehuti.cil.yml	true	OUT OF MEMORY (true)	277.713411467	205.80756955999823	14999.998464				ERROR (1)	0.573470928	0.3402410060080001	31.977472			
ldv-linux-3.14/linux-3.14_complex_emg_linux-alloc-spinlock_drivers-net-irda-via-ircc.cil.yml	true	OUT OF MEMORY (true)	277.836183685	213.1055113580005	14999.998464				ERROR (1)	0.569654478	0.33799395798996557	32.485376			
ldv-linux-3.14/linux-3.14_complex_emg_linux-alloc-spinlock_drivers-net-usb-kaweth.cil.yml	false	OUT OF MEMORY	481.637282793	340.04501590499785	14999.998464				ERROR (1)	0.624731396	0.3699639179976657	29.589504			
ldv-linux-3.14/linux-3.14_complex_emg_linux-alloc-spinlock_drivers-net-wireless-ipw2x00-ipw2100.cil.yml	true	OUT OF MEMORY (true)	667.604850044	592.5502981579994	14999.998464				ERROR (1)	0.530486764	0.3116313299979083	29.401088			
ldv-linux-3.14/linux-3.14_complex_emg_linux-alloc-spinlock_drivers-net-wireless-orinoco-orinoco_usb.cil.yml	false	ERROR (recursion)	315.766271246	257.0451547269986	14054.682624				OUT OF MEMORY (ERROR (recursion))	312.604964315	253.09061581599235	14999.998464			
ldv-linux-3.14/linux-3.14_complex_emg_linux-alloc-spinlock_fs-autofs4-autofs4.cil.yml	true	OUT OF MEMORY (true)	512.734639121	372.53707440200014	14999.998464				ERROR (1)	0.561859727	0.3255930980085395	31.956992			
ldv-linux-3.14/linux-3.14_complex_emg_linux-drivers-clk1_drivers-media-pci-bt8xx-bttv.cil.yml	true	OUT OF MEMORY (true)	345.358442962	271.0689850279996	14999.998464				ERROR (1)	0.576448015	0.349655954996706	32.669696			
ldv-linux-3.14/linux-3.14_complex_emg_linux-drivers-clk1_drivers-media-pci-zoran-zr36067.cil.yml	true	OUT OF MEMORY (true)	314.612583059	243.91430318700077	14999.998464				ERROR (1)	0.759483243	0.44286460599687416	33.501184			
ldv-linux-3.14/linux-3.14_complex_emg_linux-drivers-clk1_drivers-media-usb-dvb-usb-v2-dvb-usb-mxl111sf.cil.yml	true	OUT OF MEMORY (true)	489.449081411	388.3727994070068	14999.998464				ERROR (1)	0.689510662	0.40248534599959385	33.054720			
ldv-linux-3.14/linux-3.14_complex_emg_linux-drivers-clk1_drivers-media-usb-gspca-gspca_ov519.cil.yml	true	OUT OF MEMORY (true)	527.994705454	344.76221060899843	14999.998464				ERROR (1)	0.534697832	0.30590847799612675	30.236672			
ldv-linux-3.14/linux-3.14_complex_emg_linux-drivers-clk1_drivers-media-usb-tm6000-tm6000.cil.yml	true	OUT OF MEMORY (true)	494.215470071	336.6254800379975	14999.998464				ERROR (1)	0.611123504	0.3718877990031615	32.841728			
ldv-linux-3.14/linux-3.14_complex_emg_linux-drivers-clk1_drivers-net-wireless-ipw2x00-ipw2200.cil.yml	true	OUT OF MEMORY (true)	505.479233701	397.6839380390011	14999.998464				ERROR (1)	0.548286701	0.31623650901019573	31.522816			
ldv-linux-3.14/linux-3.14_complex_emg_linux-kernel-locking-mutex_drivers-media-platform-vsp1-vsp1.cil.yml	true	OUT OF MEMORY (OUT OF NATIVE MEMORY)	515.509175635	347.6198430209988	14999.998464				ERROR (1)	0.6647112	0.38373305699496996	34.676736			
ldv-linux-3.14/linux-3.14_complex_emg_linux-kernel-locking-mutex_drivers-media-radio-radio-wl1273.cil.yml	true	OUT OF MEMORY (true)	504.34465679	397.5016157159989	14999.998464				ERROR (1)	0.54353947	0.3197483740077587	29.081600			
ldv-linux-3.14/linux-3.14_complex_emg_linux-kernel-locking-mutex_drivers-media-radio-wl128x-fm_drv.cil.yml	true	OUT OF MEMORY (true)	301.890143131	222.21680612699856	14999.998464				ERROR (1)	0.56935862	0.34635712299495935	32.423936			
ldv-linux-3.14/linux-3.14_complex_emg_linux-kernel-locking-mutex_drivers-media-usb-au0828-au0828.cil.yml	true	OUT OF MEMORY (true)	190.789044662	137.70637571599946	14999.998464				ERROR (1)	0.585803076	0.3471944940101821	33.009664			
ldv-linux-3.14/linux-3.14_complex_emg_linux-kernel-locking-mutex_drivers-media-usb-em28xx-em28xx.cil.yml	true	OUT OF MEMORY (true)	417.107586888	313.19273141300073	14999.998464				ERROR (1)	0.552294924	0.31242633498914074	30.064640			
ldv-linux-3.14/linux-3.14_complex_emg_linux-kernel-locking-mutex_drivers-media-usb-gspca-gspca_ov519.cil.yml	true	OUT OF MEMORY (true)	571.648896104	370.0511405349971	14999.998464				ERROR (1)	0.575831511	0.34223288200155366	32.608256			
ldv-linux-3.14/linux-3.14_complex_emg_linux-kernel-locking-mutex_drivers-media-usb-pwc-pwc.cil.yml	true	OUT OF MEMORY (true)	354.010249632	263.9715036810012	14999.998464				ERROR (1)	0.596495976	0.345669419009937	32.976896			
ldv-linux-3.14/linux-3.14_complex_emg_linux-kernel-locking-mutex_drivers-media-usb-stk1160-stk1160.cil.yml	true	OUT OF MEMORY (true)	196.772154278	143.81819325700053	14999.998464				ERROR (1)	0.56434697	0.33251484799257014	31.682560			
ldv-linux-3.14/linux-3.14_complex_emg_linux-kernel-locking-mutex_drivers-net-ethernet-icplus-ipg.cil.yml	true	TIMEOUT (true)	711.331027957	512.2888561500004	14999.998464				ERROR (1)	0.549841604	0.3280125240125926	32.223232			
ldv-linux-3.14/linux-3.14_complex_emg_linux-kernel-locking-mutex_drivers-net-ethernet-via-via-rhine.cil.yml	true	OUT OF MEMORY (true)	636.431227691	459.42601749200185	14999.998464				ERROR (1)	0.531449085	0.31211605000135023	29.315072			
ldv-linux-3.14/linux-3.14_complex_emg_linux-kernel-locking-mutex_drivers-net-wireless-rt2x00-rt2500usb.cil.yml	true	TIMEOUT	727.710951481	671.6559985540007	7499.997184				ERROR (1)	0.522463619	0.30500562700035516	29.474816			
ldv-linux-3.14/linux-3.14_complex_emg_linux-kernel-locking-spinlock_drivers-media-pci-meye-meye.cil.yml	true	OUT OF MEMORY (true)	386.289908208	296.67051906199777	14999.998464				ERROR (1)	0.574857329	0.3731610419927165	32.653312			
ldv-linux-3.14/linux-3.14_complex_emg_linux-kernel-locking-spinlock_drivers-media-platform-sh_vou.cil.yml	true	OUT OF MEMORY (true)	271.893580277	204.06397618299889	14999.998464				ERROR (1)	0.604807664	0.3730882060044678	33.267712			
ldv-linux-3.14/linux-3.14_complex_emg_linux-kernel-locking-spinlock_drivers-media-platform-soc_camera-sh_mobile_ceu_camera.cil.yml	true	OUT OF MEMORY (true)	242.367307054	179.68865058299707	14999.998464				ERROR (1)	0.597480851	0.3548852019885089	30.605312			
ldv-linux-3.14/linux-3.14_complex_emg_linux-kernel-locking-spinlock_drivers-media-platform-vsp1-vsp1.cil.yml	true	OUT OF MEMORY	258.465030532	212.3377722490004	14999.998464				ERROR (1)	0.562191842	0.33436156799143646	32.313344			
ldv-linux-3.14/linux-3.14_complex_emg_linux-kernel-locking-spinlock_drivers-media-radio-wl128x-fm_drv.cil.yml	true	OUT OF MEMORY (true)	344.611608037	265.4073728359981	14999.998464				ERROR (1)	0.588351252	0.35507518200029153	32.911360			
ldv-linux-3.14/linux-3.14_complex_emg_linux-kernel-locking-spinlock_drivers-media-rc-nuvoton-cir.cil.yml	true	OUT OF MEMORY (true)	383.42592666	292.47700210400217	14999.998464				ERROR (1)	0.561094154	0.34570794898900203	32.002048			
ldv-linux-3.14/linux-3.14_complex_emg_linux-kernel-locking-spinlock_drivers-media-usb-au0828-au0828.cil.yml	true	OUT OF MEMORY (true)	579.938501047	416.2176372180038	14999.998464				ERROR (1)	0.637321899	0.3781526050006505	29.310976			
ldv-linux-3.14/linux-3.14_complex_emg_linux-kernel-locking-spinlock_drivers-media-usb-dvb-usb-v2-dvb-usb-mxl111sf.cil.yml	true	OUT OF MEMORY (true)	576.483929499	465.31444869599727	14999.998464				ERROR (1)	0.627027369	0.3540223000018159	29.786112			
ldv-linux-3.14/linux-3.14_complex_emg_linux-kernel-locking-spinlock_drivers-media-usb-em28xx-em28xx-v4l.cil.yml	true	OUT OF MEMORY (true)	320.884695715	241.98621256000115	14999.998464				ERROR (1)	0.543719589	0.3133085849985946	30.011392			
ldv-linux-3.14/linux-3.14_complex_emg_linux-kernel-locking-spinlock_drivers-media-usb-gspca-gspca_ov519.cil.yml	true	OUT OF MEMORY (true)	601.502243997	392.0484921060015	14999.998464				ERROR (1)	0.681131584	0.4042586930008838	33.296384			
ldv-linux-3.14/linux-3.14_complex_emg_linux-kernel-locking-spinlock_drivers-media-usb-pwc-pwc.cil.yml	true	OUT OF MEMORY (true)	268.663997028	199.49936655700003	14999.998464				ERROR (1)	0.567107974	0.3302003090066137	31.780864			
ldv-linux-3.14/linux-3.14_complex_emg_linux-kernel-locking-spinlock_drivers-net-ethernet-8390-axnet_cs.cil.yml	true	OUT OF MEMORY (ERROR (recursion))	275.043519763	218.50701905899768	14999.998464				ERROR (1)	0.538981668	0.319905402007862	31.514624			
ldv-linux-3.14/linux-3.14_complex_emg_linux-kernel-locking-spinlock_drivers-net-ethernet-amd-amd8111e.cil.yml	true	OUT OF MEMORY (OUT OF NATIVE MEMORY)	395.494219665	333.32387430299787	14999.998464				ERROR (1)	0.55405501	0.3280017760116607	29.057024			
ldv-linux-3.14/linux-3.14_complex_emg_linux-kernel-locking-spinlock_drivers-net-ethernet-cisco-enic-enic.cil.yml	true	OUT OF MEMORY (ERROR (recursion))	229.361618568	169.21573788499882	14999.998464				ERROR (1)	0.563665542	0.34804752400668804	31.752192			
ldv-linux-3.14/linux-3.14_complex_emg_linux-kernel-locking-spinlock_drivers-net-ethernet-dlink-dl2k.cil.yml	true	OUT OF MEMORY (true)	277.564052555	202.74904643100308	14999.998464				ERROR (1)	0.527879609	0.3202624450059375	29.949952			
ldv-linux-3.14/linux-3.14_complex_emg_linux-kernel-locking-spinlock_drivers-net-ethernet-dlink-sundance.cil.yml	true	OUT OF MEMORY (true)	577.549683202	413.64342951500294	14999.998464				ERROR (1)	0.643448832	0.3687455780018354	33.587200			
ldv-linux-3.14/linux-3.14_complex_emg_linux-kernel-locking-spinlock_drivers-net-ethernet-fealnx.cil.yml	true	OUT OF MEMORY (true)	267.865346931	204.84269342199696	14999.998464				ERROR (1)	0.529413382	0.3110938939935295	32.276480			
ldv-linux-3.14/linux-3.14_complex_emg_linux-kernel-locking-spinlock_drivers-net-ethernet-hp-hp100.cil.yml	true	OUT OF MEMORY (true)	478.791763437	371.6566782109985	14999.998464				ERROR (1)	0.601259569	0.352322071994422	32.329728			
ldv-linux-3.14/linux-3.14_complex_emg_linux-kernel-locking-spinlock_drivers-net-ethernet-icplus-ipg.cil.yml	true	OUT OF MEMORY (true)	245.117910317	177.60341399900062	14999.998464				ERROR (1)	0.539559732	0.3148064770066412	29.167616			
ldv-linux-3.14/linux-3.14_complex_emg_linux-kernel-locking-spinlock_drivers-net-ethernet-jme.cil.yml	true	OUT OF MEMORY (true)	283.889306423	215.41098343200065	14999.998464				ERROR (1)	0.57204209	0.34696953199454583	32.137216			
ldv-linux-3.14/linux-3.14_complex_emg_linux-kernel-locking-spinlock_drivers-net-ethernet-natsemi-ns83820.cil.yml	true	OUT OF MEMORY (true)	276.71359242	217.8939118920025	14999.998464				ERROR (1)	0.545374767	0.3220724650018383	29.118464			
ldv-linux-3.14/linux-3.14_complex_emg_linux-kernel-locking-spinlock_drivers-net-ethernet-packetengines-hamachi.cil.yml	true	OUT OF MEMORY (true)	453.918978939	345.60379498399925	14999.998464				ERROR (1)	0.556597851	0.3285806269996101	31.363072			
ldv-linux-3.14/linux-3.14_complex_emg_linux-kernel-locking-spinlock_drivers-net-ethernet-qlogic-qla3xxx.cil.yml	true	OUT OF MEMORY (true)	264.862097768	196.18324506500358	14999.998464				ERROR (1)	0.539965032	0.32990257198980544	31.825920			
ldv-linux-3.14/linux-3.14_complex_emg_linux-kernel-locking-spinlock_drivers-net-ethernet-realtek-8139cp.cil.yml	true	OUT OF MEMORY (true)	236.550242585	175.78133528799663	14999.998464				ERROR (1)	0.619956784	0.3617603399907239	33.062912			
ldv-linux-3.14/linux-3.14_complex_emg_linux-kernel-locking-spinlock_drivers-net-ethernet-smsc-epic100.cil.yml	true	OUT OF MEMORY (true)	224.31609888	169.08502462300385	14999.998464				ERROR (1)	0.562620062	0.3321207450062502	32.038912			
ldv-linux-3.14/linux-3.14_complex_emg_linux-kernel-locking-spinlock_drivers-net-hippi-rrunner.cil.yml	true	OUT OF MEMORY (true)	689.133893998	499.36339008300274	14999.998464				ERROR (1)	0.68398822	0.39297672199609224	34.074624			
ldv-linux-3.14/linux-3.14_complex_emg_linux-kernel-locking-spinlock_drivers-net-usb-smsc75xx.cil.yml	true	OUT OF MEMORY (true)	283.893869533	220.63487564599927	14999.998464				ERROR (1)	0.527988711	0.31415792199550197	29.597696			
ldv-linux-3.14/linux-3.14_complex_emg_linux-kernel-locking-spinlock_drivers-net-usb-smsc95xx.cil.yml	true	OUT OF MEMORY (true)	286.843786798	221.45227096800227	14999.998464				ERROR (1)	0.53914669	0.3274784099921817	29.310976			
ldv-linux-3.14/linux-3.14_complex_emg_linux-kernel-locking-spinlock_drivers-net-wireless-adm8211.cil.yml	true	OUT OF MEMORY (true)	366.849782403	289.7685689869977	14999.998464				ERROR (1)	0.528025702	0.31796506300452165	29.798400			
ldv-linux-3.14/linux-3.14_complex_emg_linux-kernel-locking-spinlock_drivers-net-wireless-cw1200-cw1200_wlan_spi.cil.yml	true	OUT OF MEMORY (true)	292.292970021	220.68839335200028	14999.998464				ERROR (1)	0.542133392	0.3173491699999431	29.208576			
ldv-linux-3.14/linux-3.14_complex_emg_linux-usb-dev_drivers-net-ethernet-dec-tulip-tulip.cil.yml	true	OUT OF MEMORY (true)	350.360348922	271.03572445100144	14999.998464				ERROR (1)	0.56530278	0.3380042869976023	33.333248			
ldv-linux-3.14/linux-3.14_complex_emg_linux-usb-dev_drivers-net-ethernet-natsemi-natsemi.cil.yml	true	OUT OF MEMORY (true)	342.545737235	246.14118970500203	14999.998464				ERROR (1)	0.605686652	0.351464361010585	33.005568			
ldv-linux-3.14/linux-3.14_complex_emg_linux-usb-dev_drivers-net-ethernet-sun-sunhme.cil.yml	true	OUT OF MEMORY (true)	458.020489488	325.4961388289994	14999.998464				ERROR (1)	0.58229718	0.3404999449994648	32.112640			
ldv-linux-3.14/linux-3.14_complex_emg_linux-usb-dev_drivers-net-ethernet-via-via-rhine.cil.yml	true	OUT OF MEMORY (true)	502.345117045	329.35751218899895	14999.998464				ERROR (1)	0.534312664	0.31965096200292464	32.784384			
ldv-linux-3.14/linux-3.14_complex_emg_linux-usb-dev_drivers-net-irda-via-ircc.cil.yml	true	OUT OF MEMORY (true)	443.614986201	301.4181967180011	14999.998464				ERROR (1)	0.563991614	0.3347456699993927	32.202752			
ldv-linux-3.14/linux-3.14_complex_emg_linux-usb-dev_drivers-net-wireless-ipw2x00-ipw2200.cil.yml	true	OUT OF MEMORY (true)	495.980908625	388.2683181559987	14999.998464				ERROR (1)	0.529107039	0.3125150650012074	29.888512			
ldv-linux-3.14/linux-3.14_complex_emg_linux-usb-dev_drivers-net-wireless-rndis_wlan.cil.yml	true	OUT OF MEMORY (true)	526.925138769	358.26617291799994	14999.998464				ERROR (1)	0.577287187	0.3398082810017513	34.459648			
ldv-linux-3.14/linux-3.14_linux-alloc-spinlock_drivers-net-ethernet-chelsio-cxgb3-cxgb3.cil.yml	true	OUT OF MEMORY (ERROR (recursion))	548.337724027	452.6530671850014	14999.998464				ERROR (1)	0.586550556	0.34640420399955474	31.735808			
ldv-linux-3.14/linux-3.14_linux-alloc-spinlock_drivers-net-ethernet-chelsio-cxgb4-cxgb4.cil.yml	true	OUT OF MEMORY (true)	313.164332225	239.87974352700257	14999.998464				ERROR (1)	0.557756904	0.33109655500447843	31.526912			
ldv-linux-3.14/linux-3.14_linux-alloc-spinlock_drivers-net-wireless-airo.cil.yml	true	OUT OF MEMORY (true)	436.542792006	325.67622854899673	14999.998464				ERROR (1)	0.632638318	0.38672954199137166	33.812480			
ldv-linux-3.14/linux-3.14_linux-alloc-spinlock_drivers-net-wireless-b43legacy-b43legacy.cil.yml	true	OUT OF MEMORY (true)	595.057764431	477.193648425	14999.998464				ERROR (1)	0.556029862	0.3277903209964279	31.997952			
ldv-linux-3.14/linux-3.14_linux-kernel-locking-spinlock_drivers-net-ethernet-atheros-atl1c-atl1c.cil.yml	true	OUT OF MEMORY (true)	544.565425826	446.782030999002	14999.998464				ERROR (1)	0.748034521	0.43235564600036014	32.518144			
ldv-linux-3.14/linux-3.14_linux-kernel-locking-spinlock_drivers-net-ethernet-marvell-skge.cil.yml	true	TIMEOUT	725.415132785	579.5580163800005	14999.998464				ERROR (1)	0.515343177	0.301631277994602	29.839360			
ldv-linux-3.14/linux-3.14_linux-kernel-locking-spinlock_drivers-net-vmxnet3-vmxnet3.cil.yml	true	OUT OF MEMORY (true)	309.967136089	237.6553157599992	14999.998464				ERROR (1)	0.526411534	0.3038413010071963	32.477184			
ldv-linux-3.14/linux-3.14_linux-kernel-locking-spinlock_drivers-net-wireless-airo.cil.yml	true	OUT OF MEMORY (true)	390.15829988	297.38520438200067	14999.998464				ERROR (1)	0.515236564	0.29749624599935487	29.126656			
ldv-challenges/linux-3.14__complex_emg__linux-kernel-locking-spinlock__drivers-net-ethernet-dec-tulip-uli526x.cil.yml	true	OUT OF MEMORY (true)	349.656580967	268.61203011999896	14999.998464				ERROR (1)	0.597047383	0.3548418589925859	31.776768			
ldv-challenges/linux-3.14_complex_emg_linux-alloc-spinlock_drivers-net-ethernet-intel-i40e-i40e.cil.yml	true	OUT OF MEMORY (ERROR (recursion))	428.458981207	365.2891446609974	14999.998464				ERROR (1)	0.57630138	0.33276682801079005	29.523968			
ldv-challenges/linux-3.14_complex_emg_linux-alloc-spinlock_drivers-net-ethernet-intel-ixgb-ixgb.cil.yml	true	OUT OF MEMORY (true)	368.637156431	292.89359610599786	14999.998464				ERROR (1)	0.54194843	0.31765787600306794	29.827072			
ldv-challenges/linux-3.14_complex_emg_linux-alloc-spinlock_drivers-net-ethernet-natsemi-natsemi.cil.yml	true	OUT OF MEMORY (true)	295.502209276	229.24497343399707	14999.998464				ERROR (1)	0.555827386	0.3381138109980384	28.979200			
ldv-challenges/linux-3.14_complex_emg_linux-alloc-spinlock_drivers-net-wireless-ath-ath10k-ath10k_pci.cil.yml	true	OUT OF MEMORY (ERROR (recursion))	322.726491448	249.06507571600378	14999.998464				ERROR (1)	0.642547009	0.37927463999949396	32.120832			
ldv-challenges/linux-3.14_complex_emg_linux-drivers-clk1_drivers-net-ethernet-ethoc.cil.yml	false	OUT OF MEMORY	451.737714957	296.12122676099534	14999.998464				ERROR (1)	0.603833215	0.3706208619987592	33.058816			
ldv-challenges/linux-3.14_complex_emg_linux-kernel-locking-mutex_drivers-media-common-saa7146-saa7146_vv.cil.yml	true	OUT OF MEMORY (ERROR (recursion))	262.496528164	201.55731397600175	14999.998464				ERROR (1)	0.559453348	0.34356090900837444	31.879168			
ldv-challenges/linux-3.14_complex_emg_linux-kernel-locking-mutex_drivers-net-ethernet-intel-i40e-i40e.cil.yml	true	OUT OF MEMORY (ERROR (recursion))	554.515599831	469.67584605900265	14999.998464				ERROR (1)	0.52244546	0.31228630199620966	29.036544			
ldv-challenges/linux-3.14_complex_emg_linux-kernel-locking-spinlock_drivers-net-can-softing-softing.cil.yml	true	OUT OF MEMORY (true)	656.170286513	441.17160097400483	14999.998464				ERROR (1)	0.556504727	0.33698420401196927	29.483008			
ldv-challenges/linux-3.14_complex_emg_linux-kernel-locking-spinlock_drivers-net-ethernet-dec-tulip-dmfe.cil.yml	true	OUT OF MEMORY (true)	621.609639168	421.98322536199703	14999.998464				ERROR (1)	0.593177964	0.35372929299774114	32.571392			
ldv-challenges/linux-3.14_complex_emg_linux-kernel-locking-spinlock_drivers-net-ethernet-natsemi-natsemi.cil.yml	true	TIMEOUT (true)	800.91898995	549.5513420530006	13890.760704				ERROR (1)	0.610639388	0.3711580539966235	32.681984			
ldv-challenges/linux-3.14_complex_emg_linux-kernel-locking-spinlock_drivers-net-ethernet-via-via-rhine.cil.yml	true	OUT OF MEMORY (true)	373.14746637	285.2987361859996	14999.998464				ERROR (1)	0.548607149	0.32790660399768967	30.150656			
ldv-challenges/linux-3.14_complex_emg_linux-usb-dev_drivers-media-usb-gspca-gspca_topro.cil.yml	true	OUT OF MEMORY (true)	415.137470393	308.03939214899583	14999.998464				ERROR (1)	0.562055836	0.3325595040078042	32.292864			
ldv-challenges/linux-3.14_complex_emg_linux-usb-dev_drivers-net-ethernet-intel-ixgb-ixgb.cil.yml	true	OUT OF MEMORY (true)	234.695643867	178.36489003899987	14999.998464				ERROR (1)	0.592883122	0.3540043270040769	31.977472			
ldv-challenges/linux-3.14_linux-alloc-spinlock_drivers-net-ethernet-nvidia-forcedeth.cil.yml	true	OUT OF MEMORY (ERROR (recursion))	385.971798817	298.40605502100516	14999.998464				ERROR (1)	0.553338755	0.34495430999959353	29.163520			
ldv-challenges/linux-3.14_linux-kernel-locking-mutex_drivers-net-ethernet-chelsio-cxgb4-cxgb4.cil.yml	true	OUT OF MEMORY (true)	439.615842688	323.70025298700057	14999.998464				ERROR (1)	0.623773862	0.37096259401005227	33.837056			
ldv-challenges/linux-3.14_linux-kernel-locking-spinlock_drivers-net-ethernet-chelsio-cxgb3-cxgb3.cil.yml	true	OUT OF MEMORY (ERROR (recursion))	351.024370772	281.798701947002	14999.998464				ERROR (1)	0.618462446	0.3650175499933539	31.948800			
ldv-challenges/linux-3.14_linux-kernel-locking-spinlock_drivers-net-ethernet-chelsio-cxgb4-cxgb4.cil.yml	true	OUT OF MEMORY (true)	313.170412509	240.8228388869975	14999.998464				ERROR (1)	0.524165007	0.3058059930044692	29.577216			
ldv-challenges/linux-3.14_linux-kernel-locking-spinlock_drivers-net-wireless-b43legacy-b43legacy.cil.yml	true	OUT OF MEMORY (true)	666.658752577	544.5217945639997	14999.998464				ERROR (1)	0.592167535	0.36684230899845716	33.148928			
ldv-linux-4.0-rc1-mav/linux-4.0-rc1---drivers--net--ethernet--cisco--enic--enic.ko.cil.yml	false	OUT OF MEMORY	624.666334142	501.50105415099824	14999.998464				ERROR (1)	0.621144676	0.38140572600241285	33.349632			
